2017-03-06 0:09,79
2017-03-06 0:47,66
2017-03-06 4:32,1
2017-03-06 4:56,55
2017-03-06 6:35,56
2017-03-06 8:27,17
2017-03-06 9:15,93
2017-03-06 14:45,31
2017-03-06 18:58,19
2017-03-06 22:01,0
2017-03-07 6:01,89
2017-03-07 10:31,53
2017-03-07 12:04,42
2017-03-07 13:22,14
2017-03-07 13:29,7
2017-03-07 13:30,39
2017-03-07 15:55,44
2017-03-07 18:43,54
2017-03-07 19:41,53
2017-03-07 20:10,19
2017-03-08 0:23,62
2017-03-08 8:44,17
2017-03-08 12:27,13
2017-03-08 14:19,53
2017-03-08 22:10,86
2017-03-08 22:43,80
2017-03-09 7:20,18
2017-03-09 13:52,28
2017-03-09 16:16,95
2017-03-09 22:49,1
2017-03-10 0:16,3
2017-03-10 6:36,82
2017-03-10 8:27,10
2017-03-10 9:30,62
2017-03-10 10:27,46
2017-03-10 10:46,37
2017-03-10 11:54,11
2017-03-10 15:20,91
2017-03-10 16:02,2
2017-03-10 16:30,41
2017-03-10 18:37,50
2017-03-10 18:55,56
2017-03-10 19:08,69
2017-03-10 19:40,90
2017-03-11 6:16,54
2017-03-11 8:32,30
2017-03-11 11:30,100
2017-03-11 13:11,53
2017-03-12 1:06,43
2017-03-12 3:24,97
2017-03-12 5:18,78
2017-03-12 10:07,48
2017-03-12 10:29,49
2017-03-12 10:33,83
2017-03-12 14:32,38
2017-03-12 14:37,89
2017-03-12 15:24,90
2017-03-12 16:08,78
2017-03-12 18:19,16
2017-03-12 23:15,0
2017-03-13 0:24,55
2017-03-13 8:07,44
2017-03-13 10:12,12
2017-03-13 12:25,84
2017-03-13 15:56,91
2017-03-13 18:46,24
2017-03-14 5:10,6
2017-03-14 7:25,57
2017-03-14 9:46,72
2017-03-14 17:46,7
2017-03-14 18:44,62
2017-03-15 1:57,24
2017-03-15 5:35,43
2017-03-15 6:28,3
2017-03-15 7:17,66
2017-03-15 8:22,18
2017-03-15 17:31,21
2017-03-15 23:10,30
2017-03-15 23:27,93
2017-03-16 3:53,73
2017-03-16 5:34,64
2017-03-16 7:15,13
2017-03-16 13:12,81
2017-03-16 14:20,27
2017-03-16 15:53,61
2017-03-16 17:38,37
2017-03-16 17:41,95
2017-03-16 20:00,71
2017-03-16 20:50,51
2017-03-16 22:26,0
2017-03-16 23:46,7
2017-03-17 1:30,41
2017-03-17 3:08,80
2017-03-17 4:53,93
2017-03-17 7:05,65
2017-03-17 7:05,21
2017-03-17 7:32,90
2017-03-17 9:41,26
2017-03-17 14:00,48
2017-03-17 14:27,26
2017-03-17 17:51,66
2017-03-17 21:17,100
2017-03-17 22:15,67
2017-03-17 22:16,97
2017-03-18 1:35,70
2017-03-18 5:37,94
2017-03-18 10:43,37
2017-03-18 11:18,85
2017-03-18 13:03,15
2017-03-18 19:34,34
2017-03-18 21:12,28
2017-03-18 22:01,70
2017-03-18 22:50,81
2017-03-19 2:58,24
2017-03-19 4:02,59
2017-03-19 4:46,72
2017-03-19 11:37,59
2017-03-19 14:40,53
2017-03-19 17:03,28
2017-03-19 17:19,68
2017-03-20 0:59,2
2017-03-20 1:53,68
2017-03-20 5:36,6
2017-03-20 5:37,88
2017-03-20 8:44,86
2017-03-20 12:43,65
2017-03-20 13:48,92
2017-03-20 17:01,43
2017-03-20 18:09,6
2017-03-20 23:16,87
2017-03-21 1:44,47
2017-03-21 4:03,11
2017-03-21 6:14,77
2017-03-21 12:06,30
2017-03-21 13:23,31
2017-03-21 17:42,82
2017-03-21 18:32,36
2017-03-21 20:01,83
2017-03-21 21:58,51
2017-03-21 22:27,83
2017-03-21 22:37,0
2017-03-22 7:00,65
2017-03-22 11:04,41
2017-03-22 12:52,70
2017-03-22 14:31,70
2017-03-22 15:46,30
2017-03-22 15:59,33
2017-03-22 16:55,87
2017-03-22 19:29,49
2017-03-22 20:47,32
2017-03-23 0:14,58
2017-03-23 2:48,45
2017-03-23 3:27,7
2017-03-23 7:41,54
2017-03-23 11:37,7
2017-03-23 15:23,58
2017-03-23 16:02,1
2017-03-23 17:32,19
2017-03-23 21:39,63
2017-03-24 1:39,44
2017-03-24 2:56,92
2017-03-24 3:58,34
2017-03-24 5:11,11
2017-03-24 8:35,71
2017-03-24 10:20,44
2017-03-24 10:37,74
2017-03-24 16:11,30
2017-03-24 16:17,15
2017-03-24 16:34,26
2017-03-24 17:35,20
2017-03-24 21:56,74
2017-03-25 0:28,25
2017-03-25 1:43,64
2017-03-25 6:17,23
2017-03-25 7:10,59
2017-03-25 7:37,74
2017-03-25 8:36,10
2017-03-25 13:41,5
2017-03-25 18:24,81
2017-03-25 20:23,71
2017-03-25 21:32,41
2017-03-26 4:30,72
2017-03-26 4:34,88
2017-03-26 7:59,65
2017-03-26 12:41,62
2017-03-26 16:02,68
2017-03-26 17:15,93
2017-03-26 17:18,87
2017-03-26 18:20,25
2017-03-26 20:48,74
2017-03-26 23:59,15
2017-03-27 5:04,92
2017-03-27 9:35,94
2017-03-27 15:21,72
2017-03-27 17:58,8
2017-03-27 19:15,77
2017-03-27 19:27,32
2017-03-27 20:00,90
2017-03-28 0:27,27
2017-03-28 2:20,82
2017-03-28 3:57,74
2017-03-28 7:33,28
2017-03-28 12:05,63
2017-03-28 16:49,20
2017-03-28 17:23,2
2017-03-28 18:09,55
2017-03-29 2:12,99
2017-03-29 2:18,97
2017-03-29 5:13,34
2017-03-29 6:56,16
2017-03-29 12:53,29
2017-03-29 17:30,74
2017-03-29 23:19,1
2017-03-29 23:40,15
2017-03-30 4:21,90
2017-03-30 6:33,20
2017-03-30 6:34,81
2017-03-30 9:38,0
2017-03-30 15:20,17
2017-03-30 19:04,72
2017-03-30 19:17,31
2017-03-30 19:27,72
2017-03-30 22:15,48
2017-03-31 3:55,45
2017-03-31 10:14,48
2017-03-31 13:19,49
2017-03-31 17:57,33
2017-03-31 21:03,18
2017-04-01 3:12,70
2017-04-01 4:21,86
2017-04-01 5:41,66
2017-04-01 12:36,51
2017-04-01 16:51,32
2017-04-01 19:40,82
2017-04-02 2:10,47
2017-04-02 4:49,51
2017-04-02 5:57,88
2017-04-02 10:18,98
2017-04-02 12:21,50
2017-04-02 13:36,42
2017-04-02 16:46,83
2017-04-02 20:42,76
2017-04-03 2:48,38
2017-04-03 10:08,49
2017-04-03 14:56,67
2017-04-03 16:37,34
2017-04-04 3:43,80
2017-04-04 6:22,37
2017-04-04 8:28,94
2017-04-04 15:52,75
2017-04-04 17:00,16
2017-04-04 23:07,8
2017-04-05 1:25,29
2017-04-05 10:17,54
2017-04-05 14:35,98
2017-04-05 19:49,57
2017-04-05 20:49,54
2017-04-05 21:02,85
2017-04-05 23:35,68
2017-04-05 23:41,74
2017-04-06 0:47,5
2017-04-06 1:15,96
2017-04-06 4:08,0
2017-04-06 7:33,38
2017-04-06 11:50,14
2017-04-06 12:50,17
2017-04-06 15:15,60
2017-04-06 16:45,65
2017-04-06 17:31,8
2017-04-06 22:24,93
2017-04-07 7:23,79
2017-04-07 7:34,92
2017-04-07 16:17,72
2017-04-07 17:48,16
2017-04-07 20:46,48
2017-04-07 22:43,52
2017-04-08 0:39,98
2017-04-08 3:57,5
2017-04-08 10:14,45
2017-04-08 13:20,61
2017-04-08 22:19,68
2017-04-08 22:53,59
2017-04-09 0:35,51
2017-04-09 5:08,87
2017-04-09 5:40,7
2017-04-09 5:57,30
2017-04-09 6:36,82
2017-04-09 7:24,88
2017-04-09 8:13,28
2017-04-09 11:47,31
2017-04-09 17:48,96
2017-04-09 22:00,54
2017-04-10 1:35,75
2017-04-10 6:24,91
2017-04-10 6:36,79
2017-04-10 6:41,57
2017-04-10 10:11,75
2017-04-10 10:23,94
2017-04-10 14:47,59
2017-04-10 16:11,27
2017-04-10 16:49,86
2017-04-10 19:26,23
2017-04-10 21:55,38
2017-04-11 4:12,32
2017-04-11 9:52,22
2017-04-11 17:55,11
2017-04-11 19:10,30
2017-04-11 22:13,52
2017-04-11 23:45,37
2017-04-11 23:58,5
2017-04-12 0:00,51
2017-04-12 0:12,86
2017-04-12 1:26,44
2017-04-12 1:44,89
2017-04-12 4:13,0
2017-04-12 4:18,47
2017-04-12 6:51,15
2017-04-12 7:15,13
2017-04-12 11:18,20
2017-04-12 12:43,16
2017-04-12 13:00,72
2017-04-12 14:03,62
2017-04-12 15:02,68
2017-04-12 15:52,52
2017-04-12 16:42,83
2017-04-12 19:24,7
2017-04-12 19:43,50
2017-04-12 21:05,17
2017-04-12 22:47,8
2017-04-13 1:33,7
2017-04-13 5:49,32
2017-04-13 5:52,79
2017-04-13 6:14,37
2017-04-13 8:24,17
2017-04-13 8:55,90
2017-04-13 11:27,59
2017-04-13 13:53,21
2017-04-13 14:13,11
2017-04-13 18:18,36
2017-04-14 1:03,43
2017-04-14 1:16,22
2017-04-14 6:44,84
2017-04-14 14:58,43
2017-04-14 17:05,7
2017-04-14 21:17,34
2017-04-14 21:39,80
2017-04-14 22:10,84
2017-04-14 22:16,45
2017-04-14 23:23,48
2017-04-15 4:28,31
2017-04-15 7:59,90
2017-04-15 9:20,27
2017-04-15 15:15,3
2017-04-15 16:37,10
2017-04-15 18:17,93
2017-04-15 23:29,19
2017-04-16 0:18,37
2017-04-16 2:14,67
2017-04-16 8:42,6
2017-04-16 12:50,51
2017-04-16 13:05,85
2017-04-16 18:27,50
2017-04-16 18:42,24
2017-04-16 18:59,76
2017-04-16 19:08,72
2017-04-17 1:50,49
2017-04-17 7:02,97
2017-04-17 8:21,47
2017-04-17 11:17,44
2017-04-17 14:42,71
2017-04-17 22:00,89
2017-04-18 0:31,42
2017-04-18 2:46,38
2017-04-18 10:39,11
2017-04-18 13:04,31
2017-04-18 13:22,23
2017-04-18 15:03,31
2017-04-18 17:49,46
2017-04-18 21:54,100
2017-04-19 0:11,68
2017-04-19 3:49,10
2017-04-19 7:31,23
2017-04-19 7:49,21
2017-04-19 11:35,10
2017-04-19 13:01,79
2017-04-19 14:17,70
2017-04-19 16:28,67
2017-04-19 18:16,41
2017-04-20 4:38,0
2017-04-20 6:37,32
2017-04-20 8:57,91
2017-04-20 10:27,57
2017-04-20 17:16,5
2017-04-20 19:49,0
2017-04-21 0:36,84
2017-04-21 10:46,63
2017-04-21 14:44,32
2017-04-21 16:02,44
2017-04-21 20:43,66
2017-04-22 15:21,98
2017-04-22 21:41,41
2017-04-22 21:43,45
2017-04-22 23:39,2
2017-04-23 2:34,85
2017-04-23 2:53,26
2017-04-23 3:41,35
2017-04-23 7:56,98
2017-04-23 11:37,64
2017-04-23 12:57,19
2017-04-23 13:39,39
2017-04-23 14:09,31
2017-04-23 15:31,69
2017-04-23 20:53,65
2017-04-24 1:08,84
2017-04-24 7:58,46
2017-04-24 8:17,97
2017-04-24 10:46,61
2017-04-24 10:57,92
2017-04-24 13:55,59
2017-04-24 15:01,52
2017-04-24 15:29,27
2017-04-24 15:41,96
2017-04-24 16:46,62
2017-04-24 18:06,2
2017-04-24 20:07,48
2017-04-24 22:11,36
2017-04-24 23:26,94
2017-04-24 23:30,60
2017-04-25 0:22,37
2017-04-25 0:54,44
2017-04-25 1:02,77
2017-04-25 4:25,52
2017-04-25 6:03,55
2017-04-25 11:54,77
2017-04-25 12:08,63
2017-04-25 12:53,38
2017-04-26 0:00,43
2017-04-26 0:16,12
2017-04-26 1:02,91
2017-04-26 1:03,86
2017-04-26 1:13,48
2017-04-26 8:42,86
2017-04-26 9:52,21
2017-04-26 11:00,62
2017-04-26 11:05,52
2017-04-26 15:12,99
2017-04-26 17:06,50
2017-04-26 19:46,71
2017-04-26 21:28,20
2017-04-26 21:43,7
2017-04-27 2:19,54
2017-04-27 2:41,61
2017-04-27 4:29,7
2017-04-27 5:13,41
2017-04-27 8:08,91
2017-04-27 12:42,9
2017-04-27 15:03,60
2017-04-27 16:34,51
2017-04-27 17:06,77
2017-04-28 6:49,74
2017-04-28 7:39,56
2017-04-28 11:16,10
2017-04-28 15:34,29
2017-04-28 16:05,92
2017-04-28 17:24,96
2017-04-28 21:34,84
2017-04-29 0:17,92
2017-04-29 1:36,24
2017-04-29 1:49,36
2017-04-29 6:59,93
2017-04-29 12:45,64
2017-04-29 12:48,92
2017-04-30 0:45,53
2017-04-30 1:14,0
2017-04-30 2:08,40
2017-04-30 4:17,96
2017-04-30 6:22,43
2017-04-30 7:00,33
2017-04-30 7:04,0
2017-04-30 12:57,5
2017-04-30 15:51,5
2017-04-30 18:04,66
2017-04-30 20:51,75
2017-05-01 1:39,71
2017-05-01 7:37,40
2017-05-01 7:59,32
2017-05-01 9:17,50
2017-05-01 11:11,26
2017-05-01 11:36,85
2017-05-01 13:55,99
2017-05-01 14:41,59
2017-05-01 15:06,69
2017-05-02 2:56,6
2017-05-02 7:49,87
2017-05-02 10:09,0
2017-05-02 14:06,38
2017-05-02 18:52,94
2017-05-02 22:37,51
2017-05-02 23:21,10
2017-05-02 23:38,34
2017-05-03 3:17,63
2017-05-03 3:32,87
2017-05-03 3:42,94
2017-05-03 6:57,11
2017-05-03 7:21,75
2017-05-03 15:02,92
2017-05-03 22:09,9
2017-05-03 22:47,44
2017-05-04 1:18,25
2017-05-04 5:16,34
2017-05-04 7:19,44
2017-05-04 8:18,65
2017-05-04 14:15,11
2017-05-04 20:26,27
2017-05-04 21:40,85
2017-05-05 6:18,51
2017-05-05 6:48,18
2017-05-05 7:26,95
2017-05-05 9:51,45
2017-05-05 10:54,44
2017-05-05 13:26,7
2017-05-05 15:03,64
2017-05-05 17:39,3
2017-05-05 17:39,9
2017-05-06 5:00,72
2017-05-06 5:39,15
2017-05-06 8:13,1
2017-05-06 9:01,65
2017-05-06 15:55,51
2017-05-06 17:22,7
2017-05-06 18:47,54
2017-05-06 18:50,20
2017-05-06 23:04,61
2017-05-07 3:13,50
2017-05-07 4:48,33
2017-05-07 8:12,16
2017-05-07 12:00,34
2017-05-07 14:57,92
2017-05-07 15:02,80
2017-05-07 18:03,82
2017-05-07 18:19,74
2017-05-07 20:58,77
2017-05-07 22:25,66
2017-05-08 2:01,42
2017-05-08 3:52,94
2017-05-08 5:15,21
2017-05-08 6:39,74
2017-05-08 12:07,30
2017-05-08 19:08,27
2017-05-08 21:42,74
2017-05-08 22:42,69
2017-05-08 23:13,9
2017-05-09 0:00,66
2017-05-09 11:46,51
2017-05-09 16:11,92
2017-05-09 16:19,18
2017-05-09 23:15,48
2017-05-09 23:34,76
2017-05-10 0:44,87
2017-05-10 3:56,44
2017-05-10 5:25,30
2017-05-10 5:26,36
2017-05-10 10:45,30
2017-05-10 11:29,10
2017-05-10 17:53,82
2017-05-10 22:59,46
2017-05-10 23:51,17
2017-05-11 14:33,90
2017-05-11 15:19,18
2017-05-11 15:25,24
2017-05-11 15:58,59
2017-05-11 17:38,53
2017-05-11 17:56,14
2017-05-11 18:00,81
2017-05-11 19:03,13
2017-05-11 22:57,38
2017-05-12 10:35,0
2017-05-12 11:33,33
2017-05-12 11:47,51
2017-05-12 14:31,84
2017-05-12 16:03,8
2017-05-12 22:57,24
2017-05-13 1:59,48
2017-05-13 2:52,86
2017-05-13 4:00,95
2017-05-13 6:11,5
2017-05-13 7:45,27
2017-05-13 8:20,0
2017-05-13 11:02,13
2017-05-13 12:58,13
2017-05-13 17:17,25
2017-05-13 18:25,7
2017-05-13 21:33,99
2017-05-13 22:29,24
2017-05-13 22:48,59
2017-05-14 0:40,62
2017-05-14 0:40,55
2017-05-14 1:20,70
2017-05-14 3:13,19
2017-05-14 9:41,56
2017-05-14 10:01,69
2017-05-14 13:29,91
2017-05-14 13:32,80
2017-05-14 21:08,90
2017-05-14 21:59,17
2017-05-14 23:05,31
2017-05-14 23:53,85
2017-05-15 1:38,23
2017-05-15 2:30,20
2017-05-15 4:12,7
2017-05-15 6:51,25
2017-05-15 8:47,33
2017-05-15 9:06,17
2017-05-15 9:55,22
2017-05-15 10:23,42
2017-05-15 14:18,21
2017-05-15 14:47,29
2017-05-15 18:07,17
2017-05-15 21:53,17
2017-05-15 22:25,55
2017-05-16 4:58,99
2017-05-16 6:36,92
2017-05-16 7:02,25
2017-05-16 8:32,17
2017-05-16 18:10,6
2017-05-16 20:58,86
2017-05-17 7:51,20
2017-05-17 8:56,55
2017-05-17 21:10,61
2017-05-17 23:17,94
2017-05-18 1:23,55
2017-05-18 3:08,36
2017-05-18 3:27,11
2017-05-18 11:02,64
2017-05-18 13:55,63
2017-05-18 18:40,56
2017-05-18 19:22,5
2017-05-18 20:47,38
2017-05-18 22:36,99
2017-05-18 22:56,54
2017-05-19 2:07,64
2017-05-19 4:37,77
2017-05-19 5:03,2
2017-05-19 6:37,27
2017-05-19 7:03,40
2017-05-19 8:52,52
2017-05-19 9:00,51
2017-05-19 9:28,15
2017-05-19 17:41,11
2017-05-19 17:50,1
2017-05-19 23:43,2
2017-05-20 4:34,14
2017-05-20 9:16,28
2017-05-20 9:35,30
2017-05-20 12:06,1
2017-05-20 17:54,90
2017-05-20 20:36,22
2017-05-21 2:36,10
2017-05-21 2:44,68
2017-05-21 3:04,84
2017-05-21 4:08,98
2017-05-21 9:23,19
2017-05-21 11:51,22
2017-05-21 12:41,21
2017-05-21 18:07,46
2017-05-21 19:28,0
2017-05-21 20:41,33
2017-05-21 21:38,91
2017-05-22 3:39,35
2017-05-22 3:40,25
2017-05-22 7:44,64
2017-05-22 9:04,20
2017-05-22 14:51,62
2017-05-22 23:25,42
2017-05-23 0:54,89
2017-05-23 1:09,24
2017-05-23 1:52,35
2017-05-23 9:15,71
2017-05-23 13:13,80
2017-05-23 14:29,33
2017-05-23 15:03,14
2017-05-23 15:36,80
2017-05-23 18:59,5
2017-05-23 21:12,29
2017-05-23 22:40,71
2017-05-24 3:00,10
2017-05-24 5:19,26
2017-05-24 8:16,98
2017-05-24 18:02,84
2017-05-24 18:35,8
2017-05-24 20:17,93
2017-05-25 0:14,21
2017-05-25 5:05,59
2017-05-25 5:29,85
2017-05-25 8:20,58
2017-05-25 9:37,98
2017-05-25 11:35,45
2017-05-25 14:16,41
2017-05-25 14:25,6
2017-05-25 14:30,19
2017-05-25 14:36,5
2017-05-25 14:49,70
2017-05-25 21:46,85
2017-05-26 1:52,76
2017-05-26 2:18,58
2017-05-26 9:59,32
2017-05-26 10:33,53
2017-05-26 12:53,27
2017-05-26 15:46,97
2017-05-26 17:45,47
2017-05-26 17:50,43
2017-05-26 23:55,12
2017-05-27 0:46,3
2017-05-27 11:16,2
2017-05-27 11:58,94
2017-05-27 19:29,47
2017-05-27 20:50,10
2017-05-27 23:25,90
2017-05-28 1:03,0
2017-05-28 3:02,60
2017-05-28 5:29,39
2017-05-28 6:02,7
2017-05-28 6:26,75
2017-05-28 13:54,0
2017-05-28 19:00,39
2017-05-28 22:26,29
2017-05-29 3:56,6
2017-05-29 9:36,26
2017-05-29 10:30,99
2017-05-29 11:58,41
2017-05-29 16:42,39
2017-05-29 22:15,73
2017-05-29 23:12,18
2017-05-29 23:26,0
2017-05-30 6:38,32
2017-05-30 9:38,63
2017-05-30 12:27,56
2017-05-30 15:20,79
2017-05-30 15:41,62
2017-05-30 17:30,75
2017-05-30 18:15,40
2017-05-30 23:05,20
2017-05-31 2:03,88
2017-05-31 3:42,46
2017-05-31 5:37,98
2017-05-31 6:21,47
2017-05-31 7:30,52
2017-05-31 8:19,95
2017-05-31 11:44,39
2017-05-31 12:32,68
2017-05-31 12:56,41
2017-05-31 16:47,43
2017-05-31 18:49,51
2017-06-01 1:34,95
2017-06-01 9:03,70
2017-06-01 9:05,69
2017-06-01 14:45,90
2017-06-01 17:18,87
2017-06-01 19:36,22
2017-06-01 19:37,45
2017-06-01 20:47,52
2017-06-01 21:50,3
2017-06-02 1:13,76
2017-06-02 11:16,67
2017-06-02 12:21,13
2017-06-02 15:03,75
2017-06-03 0:58,85
2017-06-03 3:50,33
2017-06-03 4:51,93
2017-06-03 11:40,14
2017-06-03 14:31,88
2017-06-03 15:06,36
2017-06-03 15:29,90
2017-06-03 15:52,21
2017-06-03 18:50,77
2017-06-03 20:52,91
2017-06-03 21:23,66
2017-06-03 22:01,52
2017-06-03 23:31,40
2017-06-04 2:01,27
2017-06-04 7:48,78
2017-06-04 9:28,3
2017-06-04 11:24,41
2017-06-04 12:15,52
2017-06-04 12:39,80
2017-06-04 14:24,16
2017-06-04 15:41,61
2017-06-04 16:07,8
2017-06-04 18:23,88
2017-06-04 20:31,22
2017-06-04 22:04,83
2017-06-05 0:51,36
2017-06-05 1:50,85
2017-06-05 4:07,43
2017-06-05 9:49,88
2017-06-05 10:56,42
2017-06-05 13:54,55
2017-06-05 15:20,42
2017-06-05 19:14,2
2017-06-05 20:12,35
2017-06-06 3:04,91
2017-06-06 3:55,98
2017-06-06 4:50,65
2017-06-06 5:46,73
2017-06-06 11:08,59
2017-06-06 13:22,95
2017-06-06 18:07,22
2017-06-06 20:12,31
2017-06-07 3:04,6
2017-06-07 9:23,39
2017-06-07 18:36,47
2017-06-07 19:00,65
2017-06-07 20:38,90
2017-06-07 22:31,53
2017-06-07 22:56,71
2017-06-07 23:29,4
2017-06-07 23:51,9
2017-06-08 0:32,16
2017-06-08 1:05,66
2017-06-08 6:03,3
2017-06-08 11:13,78
2017-06-08 11:52,7
2017-06-08 15:31,0
2017-06-08 16:34,61
2017-06-08 18:25,81
2017-06-08 20:42,12
2017-06-08 21:53,73
2017-06-08 22:47,41
2017-06-09 0:45,73
2017-06-09 0:53,96
2017-06-09 4:08,22
2017-06-09 7:33,97
2017-06-09 13:51,11
2017-06-09 13:57,14
2017-06-09 15:12,41
2017-06-09 16:20,49
2017-06-09 20:49,49
2017-06-10 0:48,17
2017-06-10 0:59,92
2017-06-10 3:07,30
2017-06-10 4:09,21
2017-06-10 4:30,3
2017-06-10 5:25,27
2017-06-10 8:28,86
2017-06-10 11:38,10
2017-06-10 12:00,62
2017-06-10 12:15,44
2017-06-10 14:16,64
2017-06-10 15:19,76
2017-06-11 1:57,76
2017-06-11 8:29,25
2017-06-11 12:05,86
2017-06-11 16:56,7
2017-06-11 19:45,28
2017-06-12 4:14,47
2017-06-12 6:13,80
2017-06-12 9:24,44
2017-06-12 12:11,99
2017-06-12 13:51,28
2017-06-12 17:03,67
2017-06-12 18:24,64
2017-06-13 3:49,65
2017-06-13 3:51,81
2017-06-13 4:47,81
2017-06-13 6:37,1
2017-06-13 13:37,18
2017-06-13 15:38,96
2017-06-13 16:15,10
2017-06-13 17:57,60
2017-06-13 18:26,87
2017-06-13 18:33,51
2017-06-13 19:44,20
2017-06-13 22:33,74
2017-06-14 0:22,55
2017-06-14 1:54,83
2017-06-14 10:41,88
2017-06-14 11:05,1
2017-06-14 13:36,67
2017-06-14 14:59,18
2017-06-14 19:13,15
2017-06-14 20:47,51
2017-06-14 23:22,77
2017-06-15 1:01,48
2017-06-15 2:10,9
2017-06-15 5:36,3
2017-06-15 8:07,38
2017-06-15 8:21,93
2017-06-15 8:41,96
2017-06-15 11:36,83
2017-06-15 12:46,96
2017-06-15 22:40,96
2017-06-15 23:49,45
2017-06-16 2:16,91
2017-06-16 2:50,34
2017-06-16 3:16,66
2017-06-16 8:29,88
2017-06-16 10:32,87
2017-06-16 15:17,29
2017-06-16 15:36,66
2017-06-16 20:14,29
2017-06-16 22:37,8
2017-06-17 5:13,56
2017-06-17 5:26,26
2017-06-17 7:44,68
2017-06-17 9:05,1
2017-06-17 9:17,58
2017-06-17 23:44,52
2017-06-18 14:06,52
2017-06-18 14:24,40
2017-06-18 18:56,62
2017-06-18 22:29,52
2017-06-18 22:51,52
2017-06-19 5:37,6
2017-06-19 9:25,40
2017-06-19 11:23,97
2017-06-19 12:54,54
2017-06-19 14:29,50
2017-06-19 14:55,65
2017-06-19 19:00,58
2017-06-19 19:02,12
2017-06-19 20:35,89
2017-06-19 23:11,12
2017-06-20 0:58,8
2017-06-20 2:03,91
2017-06-20 3:46,52
2017-06-20 4:40,17
2017-06-20 4:42,50
2017-06-20 4:53,42
2017-06-20 4:55,76
2017-06-20 11:35,83
2017-06-20 12:47,17
2017-06-20 12:50,29
2017-06-20 14:12,68
2017-06-20 22:35,42
2017-06-20 23:51,12
2017-06-21 2:15,7
2017-06-21 6:14,26
2017-06-21 10:53,75
2017-06-21 12:03,52
2017-06-21 15:08,39
2017-06-21 17:04,96
2017-06-21 17:47,29
2017-06-21 22:04,31
2017-06-21 22:04,3
2017-06-22 5:39,69
2017-06-22 8:12,72
2017-06-22 8:42,89
2017-06-22 8:47,100
2017-06-22 10:17,75
2017-06-22 10:31,74
2017-06-22 12:47,33
2017-06-22 17:56,8
2017-06-22 22:59,14
2017-06-23 3:02,64
2017-06-23 6:44,27
2017-06-23 10:26,47
2017-06-23 12:07,25
2017-06-23 14:48,95
2017-06-23 16:44,60
2017-06-23 21:42,27
2017-06-24 1:35,92
2017-06-24 3:36,61
2017-06-24 3:55,27
2017-06-24 4:24,78
2017-06-24 5:38,77
2017-06-24 6:40,40
2017-06-24 9:44,94
2017-06-24 10:56,46
2017-06-24 12:40,59
2017-06-24 13:19,78
2017-06-24 13:42,64
2017-06-24 14:11,89
2017-06-24 19:14,32
2017-06-24 19:50,34
2017-06-24 23:51,6
2017-06-25 0:02,94
2017-06-25 2:00,39
2017-06-25 7:07,54
2017-06-25 8:10,7
2017-06-25 11:38,85
2017-06-25 11:40,11
2017-06-25 13:46,50
2017-06-25 15:19,96
2017-06-25 16:15,63
2017-06-25 16:31,29
2017-06-25 19:06,95
2017-06-25 20:43,64
2017-06-26 3:35,42
2017-06-26 3:57,81
2017-06-26 6:45,78
2017-06-26 8:48,24
2017-06-26 9:39,35
2017-06-26 11:53,45
2017-06-26 11:54,10
2017-06-26 14:30,33
2017-06-26 17:22,25
2017-06-26 19:54,21
2017-06-26 21:49,92
2017-06-26 22:40,8
2017-06-26 23:36,90
